{
    "epoch": 2.96,
    "eval_loss": 0.8501222729682922,
    "eval_runtime": 7.4272,
    "eval_samples_per_second": 13.464,
    "eval_steps_per_second": 13.464,
    "total_flos": 1.4493792336740352e+16,
    "train_loss": 0.9666536649068197,
    "train_runtime": 463.8322,
    "train_samples_per_second": 5.821,
    "train_steps_per_second": 0.362
}